{"stats":{"minecraft:picked_up":{"minecraft:red_carpet":3,"minecraft:sticky_piston":2,"minecraft:end_rod":1,"minecraft:stone_button":3,"minecraft:redstone":1,"minecraft:ender_pearl":1},"minecraft:killed_by":{"minecraft:player":3},"minecraft:custom":{"minecraft:time_since_rest":594,"minecraft:open_chest":9,"minecraft:open_enderchest":1,"minecraft:damage_taken":1936,"minecraft:play_one_minute":51883,"minecraft:crouch_one_cm":4534,"minecraft:sprint_one_cm":19141,"minecraft:deaths":5,"minecraft:walk_one_cm":72585,"minecraft:sneak_time":4933,"minecraft:walk_under_water_one_cm":30899,"minecraft:jump":239,"minecraft:inspect_hopper":1,"minecraft:leave_game":7,"minecraft:time_since_death":559,"minecraft:walk_on_water_one_cm":13159,"minecraft:sleep_in_bed":4,"minecraft:swim_one_cm":5058,"minecraft:fall_one_cm":3358,"minecraft:fly_one_cm":450559},"minecraft:mined":{"minecraft:red_carpet":3,"minecraft:end_rod":1},"minecraft:used":{"minecraft:redstone_torch":7,"minecraft:sticky_piston":8,"minecraft:end_rod":1,"minecraft:red_carpet":3,"minecraft:iron_block":135,"minecraft:grass_block":18,"minecraft:redstone":8,"minecraft:ender_pearl":1,"minecraft:stone_button":10,"minecraft:cooked_beef":6,"minecraft:milk_bucket":2,"minecraft:obsidian":5}},"DataVersion":2586}