{"stats":{"minecraft:broken":{"minecraft:netherite_shovel":1},"minecraft:dropped":{"minecraft:water_bucket":12,"minecraft:netherite_pickaxe":2,"minecraft:ender_pearl":1,"minecraft:prismarine_shard":40,"minecraft:cobblestone":64,"minecraft:prismarine_crystals":7,"minecraft:dirt":63,"minecraft:yellow_dye":1,"minecraft:wet_sponge":18,"minecraft:light_blue_stained_glass_pane":2,"minecraft:bucket":4,"minecraft:bone":2,"minecraft:redstone":21,"minecraft:netherite_sword":3,"minecraft:obsidian":2,"minecraft:rotten_flesh":3,"minecraft:enchanted_golden_apple":126,"minecraft:netherite_shovel":1,"minecraft:flint_and_steel":9,"minecraft:potato":2,"minecraft:gunpowder":2,"minecraft:chest":1,"minecraft:arrow":12,"minecraft:bow":1},"minecraft:killed":{"minecraft:zombified_piglin":1,"minecraft:spider":6,"minecraft:phantom":4,"minecraft:skeleton":6,"minecraft:magma_cube":31,"minecraft:wolf":9,"minecraft:husk":12,"minecraft:elder_guardian":66,"minecraft:creeper":15,"minecraft:zombie":14},"minecraft:picked_up":{"minecraft:black_carpet":212,"minecraft:prismarine_shard":80,"minecraft:anvil":5,"minecraft:enchanted_book":35,"minecraft:gold_block":1,"minecraft:turtle_egg":1,"minecraft:shield":4,"minecraft:string":16,"minecraft:flint_and_steel":18,"minecraft:oak_sign":3,"minecraft:gold_nugget":1,"minecraft:netherite_sword":6,"minecraft:comparator":14,"minecraft:redstone_torch":14,"minecraft:poppy":1,"minecraft:enchanted_golden_apple":574,"minecraft:chest":1,"minecraft:phantom_membrane":3,"minecraft:tipped_arrow":512,"minecraft:torch":4,"minecraft:netherite_shovel":1,"minecraft:stone_button":3,"minecraft:trident":4,"minecraft:redstone":176,"minecraft:netherite_pickaxe":1,"minecraft:prismarine_crystals":71,"minecraft:yellow_banner":1,"minecraft:arrow":2158,"minecraft:rotten_flesh":36,"minecraft:light_blue_stained_glass_pane":1,"minecraft:end_rod":1,"minecraft:black_banner":1,"minecraft:totem_of_undying":4,"minecraft:netherite_chestplate":8,"minecraft:obsidian":513,"minecraft:rail":3,"minecraft:cod":24,"minecraft:cobblestone":64,"minecraft:wet_sponge":82,"minecraft:elder_guardian_spawn_egg":65,"minecraft:netherite_boots":4,"minecraft:repeater":45,"minecraft:magma_cream":1,"minecraft:water_bucket":3,"minecraft:salmon":2,"minecraft:potato":3,"minecraft:gunpowder":34,"minecraft:netherite_leggings":8,"minecraft:dirt":4293,"minecraft:red_carpet":9,"minecraft:bone":16,"minecraft:bow":5,"minecraft:cooked_porkchop":512,"minecraft:lava_bucket":1,"minecraft:spider_eye":3,"minecraft:netherite_block":1,"minecraft:netherite_helmet":8,"minecraft:lever":7,"minecraft:bone_meal":3,"minecraft:ender_pearl":146},"minecraft:used":{"minecraft:oak_trapdoor":19,"minecraft:trident":100,"minecraft:netherite_sword":289,"minecraft:iron_bars":337,"minecraft:flint_and_steel":6,"minecraft:armor_stand":12,"minecraft:redstone_ore":7,"minecraft:red_concrete":1,"minecraft:dispenser":24,"minecraft:redstone":1192,"minecraft:oak_sign":23,"minecraft:black_carpet":255,"minecraft:spruce_planks":519,"minecraft:chest":65,"minecraft:ender_chest":1,"minecraft:zombie_spawn_egg":15,"minecraft:bell":2,"minecraft:torch":104,"minecraft:end_stone_brick_wall":36,"minecraft:dirt":111,"minecraft:soul_sand":26,"minecraft:anvil":11,"minecraft:hopper":166,"minecraft:blue_concrete":1,"minecraft:milk_bucket":10,"minecraft:oak_fence_gate":4,"minecraft:obsidian":12387,"minecraft:shroomlight":34,"minecraft:polished_blackstone_slab":122,"minecraft:wooden_axe":1,"minecraft:honey_block":18,"minecraft:lava_bucket":152,"minecraft:netherite_shovel":6975,"minecraft:red_wool":80,"minecraft:spruce_wood":187,"minecraft:iron_block":298,"minecraft:grass_block":40,"minecraft:slime_block":51,"minecraft:hopper_minecart":3,"minecraft:stone_brick_stairs":39,"minecraft:bedrock":6,"minecraft:repeater":399,"minecraft:red_stained_glass_pane":46,"minecraft:magma_block":3,"minecraft:red_carpet":186,"minecraft:glowstone":342,"minecraft:redstone_lamp":2,"minecraft:lime_concrete":290,"minecraft:bow":115,"minecraft:black_stained_glass":6,"minecraft:emerald_block":3,"minecraft:wolf_spawn_egg":8,"minecraft:yellow_glazed_terracotta":34,"minecraft:minecart":5,"minecraft:gold_block":4288,"minecraft:stone_pressure_plate":3,"minecraft:observer":158,"minecraft:turtle_egg":2,"minecraft:enchanted_golden_apple":11,"minecraft:yellow_banner":10,"minecraft:water_bucket":559,"minecraft:diorite":1110,"minecraft:end_rod":4,"minecraft:wither_skeleton_skull":12,"minecraft:dropper":1,"minecraft:elder_guardian_spawn_egg":2,"minecraft:chorus_fruit":42,"minecraft:ender_pearl":58,"minecraft:black_glazed_terracotta":6,"minecraft:redstone_block":88,"minecraft:composter":4,"minecraft:beacon":2,"minecraft:conduit":3,"minecraft:rail":10,"minecraft:comparator":73,"minecraft:tnt":1,"minecraft:loom":1,"minecraft:black_banner":34,"minecraft:white_bed":2,"minecraft:note_block":7,"minecraft:lingering_potion":653,"minecraft:black_bed":21,"minecraft:redstone_torch":89,"minecraft:piston":39,"minecraft:sticky_piston":242,"minecraft:netherite_block":235,"minecraft:dark_prismarine":75,"minecraft:lever":48,"minecraft:crying_obsidian":133,"minecraft:bread":7,"minecraft:string":6,"minecraft:barrier":2,"minecraft:stone_button":22,"minecraft:iron_door":1,"minecraft:crimson_sign":3,"minecraft:coal_block":1347,"minecraft:cobblestone":202,"minecraft:potion":2,"minecraft:grindstone":1,"minecraft:bucket":2,"minecraft:chain":5,"minecraft:polished_blackstone_button":7,"minecraft:splash_potion":24},"minecraft:mined":{"minecraft:grass_block":1844,"minecraft:redstone_wire":2,"minecraft:dirt":5129},"minecraft:custom":{"minecraft:inspect_dropper":43,"minecraft:mob_kills":174,"minecraft:interact_with_anvil":24,"minecraft:inspect_hopper":79,"minecraft:leave_game":47,"minecraft:time_since_death":27051,"minecraft:damage_resisted":279,"minecraft:sprint_one_cm":940144,"minecraft:walk_one_cm":2295081,"minecraft:drop":65,"minecraft:deaths":8,"minecraft:sneak_time":117578,"minecraft:walk_under_water_one_cm":293197,"minecraft:jump":11882,"minecraft:walk_on_water_one_cm":215053,"minecraft:tune_noteblock":85,"minecraft:play_one_minute":1881334,"minecraft:interact_with_loom":3,"minecraft:interact_with_grindstone":1,"minecraft:sleep_in_bed":23,"minecraft:time_since_rest":27077,"minecraft:open_enderchest":2,"minecraft:damage_taken":1237,"minecraft:damage_absorbed":437,"minecraft:damage_dealt":20879,"minecraft:interact_with_beacon":22,"minecraft:swim_one_cm":52525,"minecraft:fly_one_cm":13983326,"minecraft:player_kills":3,"minecraft:open_chest":147,"minecraft:crouch_one_cm":248799,"minecraft:fall_one_cm":15608,"minecraft:inspect_dispenser":149}},"DataVersion":2586}